{
   "lyon": {
      "covid": 9.07311214552252,
      "normal": 910.5792263069922
   },
   "paris": {
      "covid": 69.76707348148082,
      "normal": 1038.4588044270379
   },
   "nantes": {
      "covid": 4.541517169557678,
      "normal": 781.2630222296898
   },
   "berlin": {
      "covid": 24.878947338214996,
      "normal": 1688.3696895637793
   },
   "frankfurt": {
      "covid": 0.5796253774755744,
      "normal": 9.154720677081167
   },
   "stuttgart": {
      "covid": 1.7639354860760272,
      "normal": 47.24554014710349
   },
   "hamburg": {
      "covid": 1.7079112807242918,
      "normal": 75.4657779702444
   }
}